RDTech DPS3005,RDTech DPS3005,RDTech DPS3005,RDTech DPS3005,RDTech DPS3005,RDTech DPS3005,RDTech DPS3005,RDTech DPS3005,RDTech DPS3005,RDTech DPS3005,RDTech DPS3005,RDTech DPS3005
"","","","","","","","","","","",""
I,I,P,P,V,V,R,R,Wh,Wh,Ah,Ah
Time I [A DC],I [A DC],Time P [W],P [W],Time V [V DC],V [V DC],Time R [Ω],R [Ω],Time Wh [Wh],Wh [Wh],Time Ah [Ah],Ah [Ah]
21.9770,0,21.9770,0,21.9770,0,21.9770,-1.79769e+308,21.9770,0,21.9770,0
22.7390,0,22.7390,0,22.7390,0,22.7390,-1.79769e+308,22.7390,0,22.7390,0
23.5020,0,23.5020,0,23.5020,0,23.5020,-1.79769e+308,23.5020,0,23.5020,0
24.2640,0,24.2640,0,24.2640,0,24.2640,-1.79769e+308,24.2640,0,24.2640,0
25.0260,0,25.0260,0,25.0260,0,25.0260,-1.79769e+308,25.0260,0,25.0260,0
25.7890,0,25.7890,0,25.7890,0,25.7890,-1.79769e+308,25.7890,0,25.7890,0
26.5510,0,26.5510,0,26.5510,0,26.5510,-1.79769e+308,26.5510,0,26.5510,0
27.3130,0,27.3130,0,27.3130,0,27.3130,-1.79769e+308,27.3130,0,27.3130,0
28.0760,0,28.0760,0,28.0760,0,28.0760,-1.79769e+308,28.0760,0,28.0760,0
28.8380,0,28.8380,0,28.8380,0,28.8380,-1.79769e+308,28.8380,0,28.8380,0
29.6000,0,29.6000,0,29.6000,0,29.6000,-1.79769e+308,29.6000,0,29.6000,0
30.3640,0,30.3640,0,30.3640,0,30.3640,-1.79769e+308,30.3640,0,30.3640,0
31.1280,0,31.1280,0,31.1280,0,31.1280,-1.79769e+308,31.1280,0,31.1280,0
31.5180,0,31.5180,0,31.5180,0,31.5180,-1.79769e+308,31.5180,0,31.5180,0
31.9070,0,31.9070,0,31.9070,0,31.9070,-1.79769e+308,31.9070,0,31.9070,0
32.2960,0,32.2960,0,32.2960,0,32.2960,-1.79769e+308,32.2960,0,32.2960,0
32.6850,0,32.6850,0,32.6850,0,32.6850,-1.79769e+308,32.6850,0,32.6850,0
33.0740,0,33.0740,0,33.0740,0,33.0740,-1.79769e+308,33.0740,0,33.0740,0
33.4640,0,33.4640,0,33.4640,0,33.4640,-1.79769e+308,33.4640,0,33.4640,0
33.8530,0,33.8530,0,33.8530,0,33.8530,-1.79769e+308,33.8530,0,33.8530,0
34.2420,0,34.2420,0,34.2420,0,34.2420,-1.79769e+308,34.2420,0,34.2420,0
34.6310,0,34.6310,0,34.6310,0,34.6310,-1.79769e+308,34.6310,0,34.6310,0
35.0210,0,35.0210,0,35.0210,0,35.0210,-1.79769e+308,35.0210,0,35.0210,0
35.4090,0,35.4090,0,35.4090,0,35.4090,-1.79769e+308,35.4090,0,35.4090,0
35.7990,0,35.7990,0,35.7990,0,35.7990,-1.79769e+308,35.7990,0,35.7990,0
36.1880,0,36.1880,0,36.1880,0,36.1880,-1.79769e+308,36.1880,0,36.1880,0
36.5770,0,36.5770,0,36.5770,0,36.5770,-1.79769e+308,36.5770,0,36.5770,0
36.9660,0,36.9660,0,36.9660,0,36.9660,-1.79769e+308,36.9660,0,36.9660,0
37.3560,0,37.3560,0,37.3560,0,37.3560,-1.79769e+308,37.3560,0,37.3560,0
37.7450,0,37.7450,0,37.7450,0,37.7450,-1.79769e+308,37.7450,0,37.7450,0
38.1340,0,38.1340,0,38.1340,0,38.1340,-1.79769e+308,38.1340,0,38.1340,0
38.5230,0,38.5230,0,38.5230,0,38.5230,-1.79769e+308,38.5230,0,38.5230,0
38.9130,0,38.9130,0,38.9130,0,38.9130,-1.79769e+308,38.9130,0,38.9130,0
39.3020,0,39.3020,0,39.3020,0,39.3020,-1.79769e+308,39.3020,0,39.3020,0
39.6910,0,39.6910,0,39.6910,0,39.6910,-1.79769e+308,39.6910,0,39.6910,0
40.0800,0,40.0800,0,40.0800,0,40.0800,-1.79769e+308,40.0800,0,40.0800,0
40.4690,0,40.4690,0,40.4690,0,40.4690,-1.79769e+308,40.4690,0,40.4690,0
40.8590,0,40.8590,0,40.8590,0,40.8590,-1.79769e+308,40.8590,0,40.8590,0
41.2480,0,41.2480,0,41.2480,0,41.2480,-1.79769e+308,41.2480,0,41.2480,0
41.6370,0,41.6370,0,41.6370,0,41.6370,-1.79769e+308,41.6370,0,41.6370,0
42.0260,0,42.0260,0,42.0260,0,42.0260,-1.79769e+308,42.0260,0,42.0260,0
42.4150,0,42.4150,0,42.4150,0,42.4150,-1.79769e+308,42.4150,0,42.4150,0
42.8040,0,42.8040,0,42.8040,0,42.8040,-1.79769e+308,42.8040,0,42.8040,0
43.1940,0,43.1940,0,43.1940,0,43.1940,-1.79769e+308,43.1940,0,43.1940,0
43.5830,0,43.5830,0,43.5830,0,43.5830,-1.79769e+308,43.5830,0,43.5830,0
43.9720,0,43.9720,0,43.9720,0,43.9720,-1.79769e+308,43.9720,0,43.9720,0
44.3610,0,44.3610,0,44.3610,0,44.3610,-1.79769e+308,44.3610,0,44.3610,0
44.7500,0,44.7500,0,44.7500,0,44.7500,-1.79769e+308,44.7500,0,44.7500,0
45.1390,0,45.1390,0,45.1390,0,45.1390,-1.79769e+308,45.1390,0,45.1390,0
45.5280,0,45.5280,0,45.5280,0,45.5280,-1.79769e+308,45.5280,0,45.5280,0
45.9170,0,45.9170,0,45.9170,0,45.9170,-1.79769e+308,45.9170,0,45.9170,0
46.3070,0,46.3070,0,46.3070,0,46.3070,-1.79769e+308,46.3070,0,46.3070,0
46.6960,0,46.6960,0,46.6960,0,46.6960,-1.79769e+308,46.6960,0,46.6960,0
47.0850,0,47.0850,0,47.0850,0,47.0850,-1.79769e+308,47.0850,0,47.0850,0
47.4740,0,47.4740,0,47.4740,0,47.4740,-1.79769e+308,47.4740,0,47.4740,0
47.8630,0,47.8630,0,47.8630,0,47.8630,-1.79769e+308,47.8630,0,47.8630,0
48.2520,0,48.2520,0,48.2520,0,48.2520,-1.79769e+308,48.2520,0,48.2520,0
48.6410,0,48.6410,0,48.6410,0,48.6410,-1.79769e+308,48.6410,0,48.6410,0
49.0310,0,49.0310,0,49.0310,0,49.0310,-1.79769e+308,49.0310,0,49.0310,0
49.4190,0,49.4190,0,49.4190,0,49.4190,-1.79769e+308,49.4190,0,49.4190,0
49.8090,0,49.8090,0,49.8090,0,49.8090,-1.79769e+308,49.8090,0,49.8090,0
50.1980,0,50.1980,0,50.1980,0,50.1980,-1.79769e+308,50.1980,0,50.1980,0
50.5870,0,50.5870,0,50.5870,0,50.5870,-1.79769e+308,50.5870,0,50.5870,0
50.9760,0,50.9760,0,50.9760,0,50.9760,-1.79769e+308,50.9760,0,50.9760,0
51.3650,0,51.3650,0,51.3650,0,51.3650,-1.79769e+308,51.3650,0,51.3650,0
51.7550,0,51.7550,0,51.7550,0,51.7550,-1.79769e+308,51.7550,0,51.7550,0
52.1430,0,52.1430,0,52.1430,0,52.1430,-1.79769e+308,52.1430,0,52.1430,0
52.5320,0,52.5320,0,52.5320,0,52.5320,-1.79769e+308,52.5320,0,52.5320,0
52.9220,0,52.9220,0,52.9220,0,52.9220,-1.79769e+308,52.9220,0,52.9220,0
53.3110,0,53.3110,0,53.3110,0,53.3110,-1.79769e+308,53.3110,0,53.3110,0
53.7000,0,53.7000,0,53.7000,0,53.7000,-1.79769e+308,53.7000,0,53.7000,0
54.0890,0,54.0890,0,54.0890,0,54.0890,-1.79769e+308,54.0890,0,54.0890,0
54.4790,0,54.4790,0,54.4790,0,54.4790,-1.79769e+308,54.4790,0,54.4790,0
54.8680,0,54.8680,0,54.8680,0,54.8680,-1.79769e+308,54.8680,0,54.8680,0
55.2570,0,55.2570,0,55.2570,0,55.2570,-1.79769e+308,55.2570,0,55.2570,0
55.6460,0,55.6460,0,55.6460,0,55.6460,-1.79769e+308,55.6460,0,55.6460,0
56.0350,0,56.0350,0,56.0350,0,56.0350,-1.79769e+308,56.0350,0,56.0350,0
56.4240,0,56.4240,0,56.4240,0,56.4240,-1.79769e+308,56.4240,0,56.4240,0
56.8130,0,56.8130,0,56.8130,0,56.8130,-1.79769e+308,56.8130,0,56.8130,0
57.2030,0,57.2030,0,57.2030,0,57.2030,-1.79769e+308,57.2030,0,57.2030,0
57.5910,0,57.5910,0,57.5910,0,57.5910,-1.79769e+308,57.5910,0,57.5910,0
57.9810,0,57.9810,0,57.9810,0,57.9810,-1.79769e+308,57.9810,0,57.9810,0
58.3700,0,58.3700,0,58.3700,0,58.3700,-1.79769e+308,58.3700,0,58.3700,0
58.7590,0,58.7590,0,58.7590,0,58.7590,-1.79769e+308,58.7590,0,58.7590,0
59.1480,0,59.1480,0,59.1480,0,59.1480,-1.79769e+308,59.1480,0,59.1480,0
59.5370,0,59.5370,0,59.5370,0,59.5370,-1.79769e+308,59.5370,0,59.5370,0
59.9260,0,59.9260,0,59.9260,0,59.9260,-1.79769e+308,59.9260,0,59.9260,0
60.3150,0,60.3150,0,60.3150,0,60.3150,-1.79769e+308,60.3150,0,60.3150,0
60.7050,0,60.7050,0,60.7050,0,60.7050,-1.79769e+308,60.7050,0,60.7050,0
61.0940,0,61.0940,0,61.0940,0,61.0940,-1.79769e+308,61.0940,0,61.0940,0
61.4830,0,61.4830,0,61.4830,0,61.4830,-1.79769e+308,61.4830,0,61.4830,0
61.8720,0,61.8720,0,61.8720,0,61.8720,-1.79769e+308,61.8720,0,61.8720,0
62.2610,0,62.2610,0,62.2610,0,62.2610,-1.79769e+308,62.2610,0,62.2610,0
62.6500,0,62.6500,0,62.6500,0,62.6500,-1.79769e+308,62.6500,0,62.6500,0
63.0390,0,63.0390,0,63.0390,0,63.0390,-1.79769e+308,63.0390,0,63.0390,0
63.4280,0,63.4280,0,63.4280,0,63.4280,-1.79769e+308,63.4280,0,63.4280,0
63.8180,0,63.8180,0,63.8180,0,63.8180,-1.79769e+308,63.8180,0,63.8180,0
64.2070,0,64.2070,0,64.2070,0,64.2070,-1.79769e+308,64.2070,0,64.2070,0
64.5960,0,64.5960,0,64.5960,0,64.5960,-1.79769e+308,64.5960,0,64.5960,0
64.9850,0,64.9850,0,64.9850,0,64.9850,-1.79769e+308,64.9850,0,64.9850,0
65.3740,0,65.3740,0,65.3740,0,65.3740,-1.79769e+308,65.3740,0,65.3740,0
65.7630,0,65.7630,0,65.7630,0,65.7630,-1.79769e+308,65.7630,0,65.7630,0
66.1520,0,66.1520,0,66.1520,0,66.1520,-1.79769e+308,66.1520,0,66.1520,0
66.5410,0,66.5410,0,66.5410,0,66.5410,-1.79769e+308,66.5410,0,66.5410,0
66.9310,0,66.9310,0,66.9310,0,66.9310,-1.79769e+308,66.9310,0,66.9310,0
67.3200,0,67.3200,0,67.3200,0,67.3200,-1.79769e+308,67.3200,0,67.3200,0
67.7090,0,67.7090,0,67.7090,0,67.7090,-1.79769e+308,67.7090,0,67.7090,0
68.0980,0,68.0980,0,68.0980,0,68.0980,-1.79769e+308,68.0980,0,68.0980,0
68.4870,0,68.4870,0,68.4870,0,68.4870,-1.79769e+308,68.4870,0,68.4870,0
68.8770,0,68.8770,0,68.8770,0,68.8770,-1.79769e+308,68.8770,0,68.8770,0
69.2660,0,69.2660,0,69.2660,0,69.2660,-1.79769e+308,69.2660,0,69.2660,0
69.6550,0,69.6550,0,69.6550,0,69.6550,-1.79769e+308,69.6550,0,69.6550,0
70.0440,0,70.0440,0,70.0440,0,70.0440,-1.79769e+308,70.0440,0,70.0440,0
70.4330,0,70.4330,0,70.4330,0,70.4330,-1.79769e+308,70.4330,0,70.4330,0
70.8220,0,70.8220,0,70.8220,0,70.8220,-1.79769e+308,70.8220,0,70.8220,0
71.2120,0,71.2120,0,71.2120,0,71.2120,-1.79769e+308,71.2120,0,71.2120,0
71.6010,0,71.6010,0,71.6010,0,71.6010,-1.79769e+308,71.6010,0,71.6010,0
71.9900,0,71.9900,0,71.9900,0,71.9900,-1.79769e+308,71.9900,0,71.9900,0
72.3790,0,72.3790,0,72.3790,0,72.3790,-1.79769e+308,72.3790,0,72.3790,0
72.7680,0,72.7680,0,72.7680,0,72.7680,-1.79769e+308,72.7680,0,72.7680,0
73.1570,0,73.1570,0,73.1570,0,73.1570,-1.79769e+308,73.1570,0,73.1570,0
73.5460,0,73.5460,0,73.5460,0,73.5460,-1.79769e+308,73.5460,0,73.5460,0
73.9360,0,73.9360,0,73.9360,0,73.9360,-1.79769e+308,73.9360,0,73.9360,0
74.3250,0,74.3250,0,74.3250,0,74.3250,-1.79769e+308,74.3250,0,74.3250,0
74.7140,0,74.7140,0,74.7140,0,74.7140,-1.79769e+308,74.7140,0,74.7140,0
75.1030,0,75.1030,0,75.1030,0,75.1030,-1.79769e+308,75.1030,0,75.1030,0
75.4930,0,75.4930,0,75.4930,0,75.4930,-1.79769e+308,75.4930,0,75.4930,0
75.8820,0,75.8820,0,75.8820,0,75.8820,-1.79769e+308,75.8820,0,75.8820,0
76.2710,0,76.2710,0,76.2710,0,76.2710,-1.79769e+308,76.2710,0,76.2710,0
76.6600,0,76.6600,0,76.6600,0,76.6600,-1.79769e+308,76.6600,0,76.6600,0
77.0490,0,77.0490,0,77.0490,0,77.0490,-1.79769e+308,77.0490,0,77.0490,0
77.4380,0,77.4380,0,77.4380,0,77.4380,-1.79769e+308,77.4380,0,77.4380,0
77.8280,0,77.8280,0,77.8280,0,77.8280,-1.79769e+308,77.8280,0,77.8280,0
78.2170,0,78.2170,0,78.2170,0,78.2170,-1.79769e+308,78.2170,0,78.2170,0
78.6060,0,78.6060,0,78.6060,0,78.6060,-1.79769e+308,78.6060,0,78.6060,0
78.9950,0,78.9950,0,78.9950,0,78.9950,-1.79769e+308,78.9950,0,78.9950,0
79.3840,0,79.3840,0,79.3840,0,79.3840,-1.79769e+308,79.3840,0,79.3840,0
79.7730,0,79.7730,0,79.7730,0,79.7730,-1.79769e+308,79.7730,0,79.7730,0
80.1630,0,80.1630,0,80.1630,0,80.1630,-1.79769e+308,80.1630,0,80.1630,0
80.5520,0,80.5520,0,80.5520,0,80.5520,-1.79769e+308,80.5520,0,80.5520,0
80.9400,0,80.9400,0,80.9400,0,80.9400,-1.79769e+308,80.9400,0,80.9400,0
81.3300,0,81.3300,0,81.3300,0,81.3300,-1.79769e+308,81.3300,0,81.3300,0
81.7190,0,81.7190,0,81.7190,0,81.7190,-1.79769e+308,81.7190,0,81.7190,0
82.1080,0,82.1080,0,82.1080,0,82.1080,-1.79769e+308,82.1080,0,82.1080,0
82.4980,0,82.4980,0,82.4980,0,82.4980,-1.79769e+308,82.4980,0,82.4980,0
82.8870,0,82.8870,0,82.8870,0,82.8870,-1.79769e+308,82.8870,0,82.8870,0
83.2760,0,83.2760,0,83.2760,0,83.2760,-1.79769e+308,83.2760,0,83.2760,0
83.6650,0,83.6650,0,83.6650,0,83.6650,-1.79769e+308,83.6650,0,83.6650,0
84.0540,0,84.0540,0,84.0540,0,84.0540,-1.79769e+308,84.0540,0,84.0540,0
84.4430,0,84.4430,0,84.4430,0,84.4430,-1.79769e+308,84.4430,0,84.4430,0
84.8320,0,84.8320,0,84.8320,0,84.8320,-1.79769e+308,84.8320,0,84.8320,0
85.2220,0,85.2220,0,85.2220,0,85.2220,-1.79769e+308,85.2220,0,85.2220,0
85.6110,0,85.6110,0,85.6110,0,85.6110,-1.79769e+308,85.6110,0,85.6110,0
86.0000,0,86.0000,0,86.0000,0,86.0000,-1.79769e+308,86.0000,0,86.0000,0
86.3890,0,86.3890,0,86.3890,0,86.3890,-1.79769e+308,86.3890,0,86.3890,0
86.7780,0,86.7780,0,86.7780,0,86.7780,-1.79769e+308,86.7780,0,86.7780,0
87.1680,0,87.1680,0,87.1680,0,87.1680,-1.79769e+308,87.1680,0,87.1680,0
87.5560,0,87.5560,0,87.5560,0,87.5560,-1.79769e+308,87.5560,0,87.5560,0
87.9460,0,87.9460,0,87.9460,0,87.9460,-1.79769e+308,87.9460,0,87.9460,0
88.3350,0,88.3350,0,88.3350,0,88.3350,-1.79769e+308,88.3350,0,88.3350,0
88.7240,0,88.7240,0,88.7240,0,88.7240,-1.79769e+308,88.7240,0,88.7240,0
89.1130,0,89.1130,0,89.1130,0,89.1130,-1.79769e+308,89.1130,0,89.1130,0
89.5030,0,89.5030,0,89.5030,0,89.5030,-1.79769e+308,89.5030,0,89.5030,0
89.8910,0,89.8910,0,89.8910,0,89.8910,-1.79769e+308,89.8910,0,89.8910,0
90.6550,0,90.6550,0,90.6550,3.64,90.6550,1.79769e+308,90.6550,0,90.6550,0
91.0440,0,91.0440,0,91.0440,9.99,91.0440,1.79769e+308,91.0440,0,91.0440,0
91.4330,0,91.4330,0,91.4330,9.99,91.4330,1.79769e+308,91.4330,0,91.4330,0
91.8220,0,91.8220,0,91.8220,9.99,91.8220,1.79769e+308,91.8220,0,91.8220,0
92.2120,0,92.2120,0,92.2120,9.99,92.2120,1.79769e+308,92.2120,0,92.2120,0
92.6010,0,92.6010,0,92.6010,9.99,92.6010,1.79769e+308,92.6010,0,92.6010,0
92.9900,0,92.9900,0,92.9900,9.99,92.9900,1.79769e+308,92.9900,0,92.9900,0
93.3790,0,93.3790,0,93.3790,9.99,93.3790,1.79769e+308,93.3790,0,93.3790,0
93.7680,0,93.7680,0,93.7680,9.99,93.7680,1.79769e+308,93.7680,0,93.7680,0
94.1570,0,94.1570,0,94.1570,9.99,94.1570,1.79769e+308,94.1570,0,94.1570,0
94.5470,0,94.5470,0,94.5470,9.99,94.5470,1.79769e+308,94.5470,0,94.5470,0
95.3100,0,95.3100,0,95.3100,9.91,95.3100,1.79769e+308,95.3100,0,95.3100,0
95.6990,0,95.6990,0,95.6990,7.11,95.6990,1.79769e+308,95.6990,0,95.6990,0
96.0880,0,96.0880,0,96.0880,4.35,96.0880,1.79769e+308,96.0880,0,96.0880,0
96.4770,0,96.4770,0,96.4770,1.63,96.4770,1.79769e+308,96.4770,0,96.4770,0
96.8660,0,96.8660,0,96.8660,0,96.8660,-1.79769e+308,96.8660,0,96.8660,0
97.2560,0,97.2560,0,97.2560,0,97.2560,-1.79769e+308,97.2560,0,97.2560,0
97.6450,0,97.6450,0,97.6450,0,97.6450,-1.79769e+308,97.6450,0,97.6450,0
98.0330,0,98.0330,0,98.0330,0,98.0330,-1.79769e+308,98.0330,0,98.0330,0
98.4220,0,98.4220,0,98.4220,0,98.4220,-1.79769e+308,98.4220,0,98.4220,0
98.8120,0,98.8120,0,98.8120,0,98.8120,-1.79769e+308,98.8120,0,98.8120,0
99.2010,0,99.2010,0,99.2010,0,99.2010,-1.79769e+308,99.2010,0,99.2010,0
99.5900,0,99.5900,0,99.5900,0,99.5900,-1.79769e+308,99.5900,0,99.5900,0
99.9790,0,99.9790,0,99.9790,0,99.9790,-1.79769e+308,99.9790,0,99.9790,0
100.3680,0,100.3680,0,100.3680,0,100.3680,-1.79769e+308,100.3680,0,100.3680,0
100.7570,0,100.7570,0,100.7570,0,100.7570,-1.79769e+308,100.7570,0,100.7570,0
101.1470,0,101.1470,0,101.1470,0,101.1470,-1.79769e+308,101.1470,0,101.1470,0
101.5360,0,101.5360,0,101.5360,0,101.5360,-1.79769e+308,101.5360,0,101.5360,0
101.9250,0,101.9250,0,101.9250,0,101.9250,-1.79769e+308,101.9250,0,101.9250,0
102.3140,0,102.3140,0,102.3140,0,102.3140,-1.79769e+308,102.3140,0,102.3140,0
102.7030,0,102.7030,0,102.7030,0,102.7030,-1.79769e+308,102.7030,0,102.7030,0
103.0920,0,103.0920,0,103.0920,0,103.0920,-1.79769e+308,103.0920,0,103.0920,0
103.4810,0,103.4810,0,103.4810,0,103.4810,-1.79769e+308,103.4810,0,103.4810,0
103.8700,0,103.8700,0,103.8700,0,103.8700,-1.79769e+308,103.8700,0,103.8700,0
104.2590,0,104.2590,0,104.2590,0,104.2590,-1.79769e+308,104.2590,0,104.2590,0
104.6480,0,104.6480,0,104.6480,0,104.6480,-1.79769e+308,104.6480,0,104.6480,0
105.0370,0,105.0370,0,105.0370,0,105.0370,-1.79769e+308,105.0370,0,105.0370,0
105.4270,0,105.4270,0,105.4270,0,105.4270,-1.79769e+308,105.4270,0,105.4270,0
105.8160,0,105.8160,0,105.8160,0,105.8160,-1.79769e+308,105.8160,0,105.8160,0
106.2050,0,106.2050,0,106.2050,0,106.2050,-1.79769e+308,106.2050,0,106.2050,0
106.5940,0,106.5940,0,106.5940,0,106.5940,-1.79769e+308,106.5940,0,106.5940,0
106.9830,0,106.9830,0,106.9830,0,106.9830,-1.79769e+308,106.9830,0,106.9830,0
107.3720,0,107.3720,0,107.3720,0,107.3720,-1.79769e+308,107.3720,0,107.3720,0
107.7610,0,107.7610,0,107.7610,0,107.7610,-1.79769e+308,107.7610,0,107.7610,0
108.1500,0,108.1500,0,108.1500,0,108.1500,-1.79769e+308,108.1500,0,108.1500,0
108.5400,0,108.5400,0,108.5400,0,108.5400,-1.79769e+308,108.5400,0,108.5400,0
108.9280,0,108.9280,0,108.9280,0,108.9280,-1.79769e+308,108.9280,0,108.9280,0
109.3180,0,109.3180,0,109.3180,0,109.3180,-1.79769e+308,109.3180,0,109.3180,0
109.7070,0,109.7070,0,109.7070,0,109.7070,-1.79769e+308,109.7070,0,109.7070,0
110.0960,0,110.0960,0,110.0960,0,110.0960,-1.79769e+308,110.0960,0,110.0960,0
110.4850,0,110.4850,0,110.4850,0,110.4850,-1.79769e+308,110.4850,0,110.4850,0
110.8740,0,110.8740,0,110.8740,0,110.8740,-1.79769e+308,110.8740,0,110.8740,0
111.2630,0,111.2630,0,111.2630,0,111.2630,-1.79769e+308,111.2630,0,111.2630,0
111.6520,0,111.6520,0,111.6520,0,111.6520,-1.79769e+308,111.6520,0,111.6520,0
112.0420,0,112.0420,0,112.0420,0,112.0420,-1.79769e+308,112.0420,0,112.0420,0
112.4310,0,112.4310,0,112.4310,0,112.4310,-1.79769e+308,112.4310,0,112.4310,0
112.8200,0,112.8200,0,112.8200,0,112.8200,-1.79769e+308,112.8200,0,112.8200,0
113.2090,0,113.2090,0,113.2090,0,113.2090,-1.79769e+308,113.2090,0,113.2090,0
113.5980,0,113.5980,0,113.5980,0,113.5980,-1.79769e+308,113.5980,0,113.5980,0
113.9870,0,113.9870,0,113.9870,0,113.9870,-1.79769e+308,113.9870,0,113.9870,0
114.3760,0,114.3760,0,114.3760,0,114.3760,-1.79769e+308,114.3760,0,114.3760,0
114.7650,0,114.7650,0,114.7650,0,114.7650,-1.79769e+308,114.7650,0,114.7650,0
115.1540,0,115.1540,0,115.1540,0,115.1540,-1.79769e+308,115.1540,0,115.1540,0
115.5440,0,115.5440,0,115.5440,0,115.5440,-1.79769e+308,115.5440,0,115.5440,0
115.9320,0,115.9320,0,115.9320,0,115.9320,-1.79769e+308,115.9320,0,115.9320,0
116.3220,0,116.3220,0,116.3220,0,116.3220,-1.79769e+308,116.3220,0,116.3220,0
116.7110,0,116.7110,0,116.7110,0,116.7110,-1.79769e+308,116.7110,0,116.7110,0
117.1000,0,117.1000,0,117.1000,0,117.1000,-1.79769e+308,117.1000,0,117.1000,0
117.4890,0,117.4890,0,117.4890,0,117.4890,-1.79769e+308,117.4890,0,117.4890,0
117.8780,0,117.8780,0,117.8780,0,117.8780,-1.79769e+308,117.8780,0,117.8780,0
118.2670,0,118.2670,0,118.2670,0,118.2670,-1.79769e+308,118.2670,0,118.2670,0
118.6550,0,118.6550,0,118.6550,0,118.6550,-1.79769e+308,118.6550,0,118.6550,0
119.0450,0,119.0450,0,119.0450,0,119.0450,-1.79769e+308,119.0450,0,119.0450,0
119.4340,0,119.4340,0,119.4340,0,119.4340,-1.79769e+308,119.4340,0,119.4340,0
119.8230,0,119.8230,0,119.8230,0,119.8230,-1.79769e+308,119.8230,0,119.8230,0
120.2120,0,120.2120,0,120.2120,0,120.2120,-1.79769e+308,120.2120,0,120.2120,0
120.6010,0,120.6010,0,120.6010,0,120.6010,-1.79769e+308,120.6010,0,120.6010,0
120.9910,0,120.9910,0,120.9910,0,120.9910,-1.79769e+308,120.9910,0,120.9910,0
121.3800,0,121.3800,0,121.3800,0,121.3800,-1.79769e+308,121.3800,0,121.3800,0
121.7690,0,121.7690,0,121.7690,0,121.7690,-1.79769e+308,121.7690,0,121.7690,0
122.1570,0,122.1570,0,122.1570,0,122.1570,-1.79769e+308,122.1570,0,122.1570,0
122.5470,0,122.5470,0,122.5470,0,122.5470,-1.79769e+308,122.5470,0,122.5470,0
122.9360,0,122.9360,0,122.9360,0,122.9360,-1.79769e+308,122.9360,0,122.9360,0
123.3250,0,123.3250,0,123.3250,0,123.3250,-1.79769e+308,123.3250,0,123.3250,0
123.7140,0,123.7140,0,123.7140,0,123.7140,-1.79769e+308,123.7140,0,123.7140,0
124.1030,0,124.1030,0,124.1030,0,124.1030,-1.79769e+308,124.1030,0,124.1030,0
124.4920,0,124.4920,0,124.4920,0,124.4920,-1.79769e+308,124.4920,0,124.4920,0
124.8810,0,124.8810,0,124.8810,0,124.8810,-1.79769e+308,124.8810,0,124.8810,0
125.2700,0,125.2700,0,125.2700,0,125.2700,-1.79769e+308,125.2700,0,125.2700,0
125.6600,0,125.6600,0,125.6600,0,125.6600,-1.79769e+308,125.6600,0,125.6600,0
126.0480,0,126.0480,0,126.0480,0,126.0480,-1.79769e+308,126.0480,0,126.0480,0
126.4380,0,126.4380,0,126.4380,0,126.4380,-1.79769e+308,126.4380,0,126.4380,0
126.8270,0,126.8270,0,126.8270,0,126.8270,-1.79769e+308,126.8270,0,126.8270,0
127.2160,0,127.2160,0,127.2160,0,127.2160,-1.79769e+308,127.2160,0,127.2160,0
127.6040,0,127.6040,0,127.6040,0,127.6040,-1.79769e+308,127.6040,0,127.6040,0
127.9940,0,127.9940,0,127.9940,0,127.9940,-1.79769e+308,127.9940,0,127.9940,0
128.3830,0,128.3830,0,128.3830,0,128.3830,-1.79769e+308,128.3830,0,128.3830,0
128.7720,0,128.7720,0,128.7720,0,128.7720,-1.79769e+308,128.7720,0,128.7720,0
129.1610,0,129.1610,0,129.1610,0,129.1610,-1.79769e+308,129.1610,0,129.1610,0
129.5500,0,129.5500,0,129.5500,0,129.5500,-1.79769e+308,129.5500,0,129.5500,0
129.9390,0,129.9390,0,129.9390,0,129.9390,-1.79769e+308,129.9390,0,129.9390,0
130.3290,0,130.3290,0,130.3290,0,130.3290,-1.79769e+308,130.3290,0,130.3290,0
130.7180,0,130.7180,0,130.7180,0,130.7180,-1.79769e+308,130.7180,0,130.7180,0
131.1070,0,131.1070,0,131.1070,0,131.1070,-1.79769e+308,131.1070,0,131.1070,0
131.4960,0,131.4960,0,131.4960,0,131.4960,-1.79769e+308,131.4960,0,131.4960,0
131.8850,0,131.8850,0,131.8850,0,131.8850,-1.79769e+308,131.8850,0,131.8850,0
132.2740,0,132.2740,0,132.2740,0,132.2740,-1.79769e+308,132.2740,0,132.2740,0
132.6620,0,132.6620,0,132.6620,0,132.6620,-1.79769e+308,132.6620,0,132.6620,0
133.0520,0,133.0520,0,133.0520,0,133.0520,-1.79769e+308,133.0520,0,133.0520,0
133.4410,0,133.4410,0,133.4410,0,133.4410,-1.79769e+308,133.4410,0,133.4410,0
133.8310,0,133.8310,0,133.8310,0,133.8310,-1.79769e+308,133.8310,0,133.8310,0
134.2190,0,134.2190,0,134.2190,0,134.2190,-1.79769e+308,134.2190,0,134.2190,0
134.6090,0,134.6090,0,134.6090,0,134.6090,-1.79769e+308,134.6090,0,134.6090,0
134.9980,0,134.9980,0,134.9980,0,134.9980,-1.79769e+308,134.9980,0,134.9980,0
135.3860,0,135.3860,0,135.3860,0,135.3860,-1.79769e+308,135.3860,0,135.3860,0
135.7760,0,135.7760,0,135.7760,0,135.7760,-1.79769e+308,135.7760,0,135.7760,0
136.1650,0,136.1650,0,136.1650,0,136.1650,-1.79769e+308,136.1650,0,136.1650,0
136.5540,0,136.5540,0,136.5540,0,136.5540,-1.79769e+308,136.5540,0,136.5540,0
136.9430,0,136.9430,0,136.9430,0,136.9430,-1.79769e+308,136.9430,0,136.9430,0
137.3320,0,137.3320,0,137.3320,0,137.3320,-1.79769e+308,137.3320,0,137.3320,0
137.7210,0,137.7210,0,137.7210,0,137.7210,-1.79769e+308,137.7210,0,137.7210,0
138.1110,0,138.1110,0,138.1110,0,138.1110,-1.79769e+308,138.1110,0,138.1110,0
138.5000,0,138.5000,0,138.5000,0,138.5000,-1.79769e+308,138.5000,0,138.5000,0
138.8890,0,138.8890,0,138.8890,0,138.8890,-1.79769e+308,138.8890,0,138.8890,0
139.2780,0,139.2780,0,139.2780,0,139.2780,-1.79769e+308,139.2780,0,139.2780,0
139.6660,0,139.6660,0,139.6660,0,139.6660,-1.79769e+308,139.6660,0,139.6660,0
140.0550,0,140.0550,0,140.0550,0,140.0550,-1.79769e+308,140.0550,0,140.0550,0
140.4450,0,140.4450,0,140.4450,0,140.4450,-1.79769e+308,140.4450,0,140.4450,0
140.8340,0,140.8340,0,140.8340,0,140.8340,-1.79769e+308,140.8340,0,140.8340,0
141.2230,0,141.2230,0,141.2230,0,141.2230,-1.79769e+308,141.2230,0,141.2230,0
141.6120,0,141.6120,0,141.6120,0,141.6120,-1.79769e+308,141.6120,0,141.6120,0
142.0010,0,142.0010,0,142.0010,0,142.0010,-1.79769e+308,142.0010,0,142.0010,0
142.3900,0,142.3900,0,142.3900,0,142.3900,-1.79769e+308,142.3900,0,142.3900,0
142.7790,0,142.7790,0,142.7790,0,142.7790,-1.79769e+308,142.7790,0,142.7790,0
143.1680,0,143.1680,0,143.1680,0,143.1680,-1.79769e+308,143.1680,0,143.1680,0
143.5580,0,143.5580,0,143.5580,0,143.5580,-1.79769e+308,143.5580,0,143.5580,0
143.9470,0,143.9470,0,143.9470,0,143.9470,-1.79769e+308,143.9470,0,143.9470,0
144.3360,0,144.3360,0,144.3360,0,144.3360,-1.79769e+308,144.3360,0,144.3360,0
144.7250,0,144.7250,0,144.7250,0,144.7250,-1.79769e+308,144.7250,0,144.7250,0
145.1140,0,145.1140,0,145.1140,0,145.1140,-1.79769e+308,145.1140,0,145.1140,0
145.5020,0,145.5020,0,145.5020,0,145.5020,-1.79769e+308,145.5020,0,145.5020,0
145.8920,0,145.8920,0,145.8920,0,145.8920,-1.79769e+308,145.8920,0,145.8920,0
146.2810,0,146.2810,0,146.2810,0,146.2810,-1.79769e+308,146.2810,0,146.2810,0
146.6700,0,146.6700,0,146.6700,0,146.6700,-1.79769e+308,146.6700,0,146.6700,0
147.0590,0,147.0590,0,147.0590,0,147.0590,-1.79769e+308,147.0590,0,147.0590,0
147.4480,0,147.4480,0,147.4480,0,147.4480,-1.79769e+308,147.4480,0,147.4480,0
147.8370,0,147.8370,0,147.8370,0,147.8370,-1.79769e+308,147.8370,0,147.8370,0
148.2270,0,148.2270,0,148.2270,0,148.2270,-1.79769e+308,148.2270,0,148.2270,0
148.6160,0,148.6160,0,148.6160,0,148.6160,-1.79769e+308,148.6160,0,148.6160,0
149.0040,0,149.0040,0,149.0040,0,149.0040,-1.79769e+308,149.0040,0,149.0040,0
149.3940,0,149.3940,0,149.3940,0,149.3940,-1.79769e+308,149.3940,0,149.3940,0
149.7830,0,149.7830,0,149.7830,0,149.7830,-1.79769e+308,149.7830,0,149.7830,0
150.1720,0,150.1720,0,150.1720,0,150.1720,-1.79769e+308,150.1720,0,150.1720,0
150.5610,0,150.5610,0,150.5610,0,150.5610,-1.79769e+308,150.5610,0,150.5610,0
150.9500,0,150.9500,0,150.9500,0,150.9500,-1.79769e+308,150.9500,0,150.9500,0
151.3390,0,151.3390,0,151.3390,0,151.3390,-1.79769e+308,151.3390,0,151.3390,0
151.7280,0,151.7280,0,151.7280,0,151.7280,-1.79769e+308,151.7280,0,151.7280,0
152.1170,0,152.1170,0,152.1170,0,152.1170,-1.79769e+308,152.1170,0,152.1170,0
152.5060,0,152.5060,0,152.5060,0,152.5060,-1.79769e+308,152.5060,0,152.5060,0
152.8950,0,152.8950,0,152.8950,0,152.8950,-1.79769e+308,152.8950,0,152.8950,0
153.2840,0,153.2840,0,153.2840,0,153.2840,-1.79769e+308,153.2840,0,153.2840,0
153.6740,0,153.6740,0,153.6740,0,153.6740,-1.79769e+308,153.6740,0,153.6740,0
154.0630,0,154.0630,0,154.0630,0,154.0630,-1.79769e+308,154.0630,0,154.0630,0
154.4520,0,154.4520,0,154.4520,0,154.4520,-1.79769e+308,154.4520,0,154.4520,0
154.8410,0,154.8410,0,154.8410,0,154.8410,-1.79769e+308,154.8410,0,154.8410,0
155.2300,0,155.2300,0,155.2300,0,155.2300,-1.79769e+308,155.2300,0,155.2300,0
155.6190,0,155.6190,0,155.6190,0,155.6190,-1.79769e+308,155.6190,0,155.6190,0
156.0080,0,156.0080,0,156.0080,0,156.0080,-1.79769e+308,156.0080,0,156.0080,0
156.3970,0,156.3970,0,156.3970,0,156.3970,-1.79769e+308,156.3970,0,156.3970,0
156.7870,0,156.7870,0,156.7870,0,156.7870,-1.79769e+308,156.7870,0,156.7870,0
157.1760,0,157.1760,0,157.1760,0,157.1760,-1.79769e+308,157.1760,0,157.1760,0
157.5650,0,157.5650,0,157.5650,0,157.5650,-1.79769e+308,157.5650,0,157.5650,0
157.9530,0,157.9530,0,157.9530,0,157.9530,-1.79769e+308,157.9530,0,157.9530,0
158.3430,0,158.3430,0,158.3430,0,158.3430,-1.79769e+308,158.3430,0,158.3430,0
158.7320,0,158.7320,0,158.7320,0,158.7320,-1.79769e+308,158.7320,0,158.7320,0
159.1200,0,159.1200,0,159.1200,0,159.1200,-1.79769e+308,159.1200,0,159.1200,0
159.5090,0,159.5090,0,159.5090,0,159.5090,-1.79769e+308,159.5090,0,159.5090,0
159.8990,0,159.8990,0,159.8990,0,159.8990,-1.79769e+308,159.8990,0,159.8990,0
160.2870,0,160.2870,0,160.2870,0,160.2870,-1.79769e+308,160.2870,0,160.2870,0
160.6770,0,160.6770,0,160.6770,0,160.6770,-1.79769e+308,160.6770,0,160.6770,0
161.0660,0,161.0660,0,161.0660,0,161.0660,-1.79769e+308,161.0660,0,161.0660,0
161.4540,0,161.4540,0,161.4540,0,161.4540,-1.79769e+308,161.4540,0,161.4540,0
161.8440,0,161.8440,0,161.8440,0,161.8440,-1.79769e+308,161.8440,0,161.8440,0
162.2330,0,162.2330,0,162.2330,0,162.2330,-1.79769e+308,162.2330,0,162.2330,0
162.6220,0,162.6220,0,162.6220,0,162.6220,-1.79769e+308,162.6220,0,162.6220,0
163.0110,0,163.0110,0,163.0110,0,163.0110,-1.79769e+308,163.0110,0,163.0110,0
163.4010,0,163.4010,0,163.4010,0,163.4010,-1.79769e+308,163.4010,0,163.4010,0
163.7900,0,163.7900,0,163.7900,0,163.7900,-1.79769e+308,163.7900,0,163.7900,0
164.1790,0,164.1790,0,164.1790,0,164.1790,-1.79769e+308,164.1790,0,164.1790,0
164.5680,0,164.5680,0,164.5680,0,164.5680,-1.79769e+308,164.5680,0,164.5680,0
164.9570,0,164.9570,0,164.9570,0,164.9570,-1.79769e+308,164.9570,0,164.9570,0
165.3460,0,165.3460,0,165.3460,0,165.3460,-1.79769e+308,165.3460,0,165.3460,0
165.7350,0,165.7350,0,165.7350,0,165.7350,-1.79769e+308,165.7350,0,165.7350,0
166.1240,0,166.1240,0,166.1240,0,166.1240,-1.79769e+308,166.1240,0,166.1240,0
166.5130,0,166.5130,0,166.5130,0,166.5130,-1.79769e+308,166.5130,0,166.5130,0
166.9010,0,166.9010,0,166.9010,0,166.9010,-1.79769e+308,166.9010,0,166.9010,0
167.2920,0,167.2920,0,167.2920,0,167.2920,-1.79769e+308,167.2920,0,167.2920,0
167.6810,0,167.6810,0,167.6810,0,167.6810,-1.79769e+308,167.6810,0,167.6810,0
168.0700,0,168.0700,0,168.0700,0,168.0700,-1.79769e+308,168.0700,0,168.0700,0
168.4580,0,168.4580,0,168.4580,0,168.4580,-1.79769e+308,168.4580,0,168.4580,0
168.8480,0,168.8480,0,168.8480,0,168.8480,-1.79769e+308,168.8480,0,168.8480,0
169.2370,0,169.2370,0,169.2370,0,169.2370,-1.79769e+308,169.2370,0,169.2370,0
169.6260,0,169.6260,0,169.6260,0,169.6260,-1.79769e+308,169.6260,0,169.6260,0
170.0150,0,170.0150,0,170.0150,0,170.0150,-1.79769e+308,170.0150,0,170.0150,0
170.4040,0,170.4040,0,170.4040,0,170.4040,-1.79769e+308,170.4040,0,170.4040,0
170.7930,0,170.7930,0,170.7930,0,170.7930,-1.79769e+308,170.7930,0,170.7930,0
171.1820,0,171.1820,0,171.1820,0,171.1820,-1.79769e+308,171.1820,0,171.1820,0
171.5720,0,171.5720,0,171.5720,0,171.5720,-1.79769e+308,171.5720,0,171.5720,0
171.9610,0,171.9610,0,171.9610,0,171.9610,-1.79769e+308,171.9610,0,171.9610,0
172.3490,0,172.3490,0,172.3490,0,172.3490,-1.79769e+308,172.3490,0,172.3490,0
172.7380,0,172.7380,0,172.7380,0,172.7380,-1.79769e+308,172.7380,0,172.7380,0
173.1280,0,173.1280,0,173.1280,0,173.1280,-1.79769e+308,173.1280,0,173.1280,0
173.5170,0,173.5170,0,173.5170,0,173.5170,-1.79769e+308,173.5170,0,173.5170,0
173.9060,0,173.9060,0,173.9060,0,173.9060,-1.79769e+308,173.9060,0,173.9060,0
174.2950,0,174.2950,0,174.2950,0,174.2950,-1.79769e+308,174.2950,0,174.2950,0
174.6850,0,174.6850,0,174.6850,0,174.6850,-1.79769e+308,174.6850,0,174.6850,0
175.0740,0,175.0740,0,175.0740,0,175.0740,-1.79769e+308,175.0740,0,175.0740,0
175.4630,0,175.4630,0,175.4630,0,175.4630,-1.79769e+308,175.4630,0,175.4630,0
175.8520,0,175.8520,0,175.8520,0,175.8520,-1.79769e+308,175.8520,0,175.8520,0
176.2410,0,176.2410,0,176.2410,0,176.2410,-1.79769e+308,176.2410,0,176.2410,0
176.6300,0,176.6300,0,176.6300,0,176.6300,-1.79769e+308,176.6300,0,176.6300,0
177.0180,0,177.0180,0,177.0180,0,177.0180,-1.79769e+308,177.0180,0,177.0180,0
177.4080,0,177.4080,0,177.4080,0,177.4080,-1.79769e+308,177.4080,0,177.4080,0
177.7970,0,177.7970,0,177.7970,0,177.7970,-1.79769e+308,177.7970,0,177.7970,0
178.1860,0,178.1860,0,178.1860,0,178.1860,-1.79769e+308,178.1860,0,178.1860,0
178.5750,0,178.5750,0,178.5750,0,178.5750,-1.79769e+308,178.5750,0,178.5750,0
178.9640,0,178.9640,0,178.9640,0,178.9640,-1.79769e+308,178.9640,0,178.9640,0
179.3530,0,179.3530,0,179.3530,0,179.3530,-1.79769e+308,179.3530,0,179.3530,0
179.7430,0,179.7430,0,179.7430,0,179.7430,-1.79769e+308,179.7430,0,179.7430,0
180.1310,0,180.1310,0,180.1310,0,180.1310,-1.79769e+308,180.1310,0,180.1310,0
180.5200,0,180.5200,0,180.5200,0,180.5200,-1.79769e+308,180.5200,0,180.5200,0
180.9100,0,180.9100,0,180.9100,0,180.9100,-1.79769e+308,180.9100,0,180.9100,0
181.2990,0,181.2990,0,181.2990,0,181.2990,-1.79769e+308,181.2990,0,181.2990,0
181.6870,0,181.6870,0,181.6870,0,181.6870,-1.79769e+308,181.6870,0,181.6870,0
182.0770,0,182.0770,0,182.0770,0,182.0770,-1.79769e+308,182.0770,0,182.0770,0
182.4650,0,182.4650,0,182.4650,0,182.4650,-1.79769e+308,182.4650,0,182.4650,0
182.8540,0,182.8540,0,182.8540,0,182.8540,-1.79769e+308,182.8540,0,182.8540,0
183.2440,0,183.2440,0,183.2440,0,183.2440,-1.79769e+308,183.2440,0,183.2440,0
183.6330,0,183.6330,0,183.6330,0,183.6330,-1.79769e+308,183.6330,0,183.6330,0
184.0220,0,184.0220,0,184.0220,0,184.0220,-1.79769e+308,184.0220,0,184.0220,0
184.4110,0,184.4110,0,184.4110,0,184.4110,-1.79769e+308,184.4110,0,184.4110,0
184.8010,0,184.8010,0,184.8010,0,184.8010,-1.79769e+308,184.8010,0,184.8010,0
185.1890,0,185.1890,0,185.1890,0,185.1890,-1.79769e+308,185.1890,0,185.1890,0
185.5780,0,185.5780,0,185.5780,0,185.5780,-1.79769e+308,185.5780,0,185.5780,0
185.9670,0,185.9670,0,185.9670,0,185.9670,-1.79769e+308,185.9670,0,185.9670,0
186.3570,0,186.3570,0,186.3570,0,186.3570,-1.79769e+308,186.3570,0,186.3570,0
186.7460,0,186.7460,0,186.7460,0,186.7460,-1.79769e+308,186.7460,0,186.7460,0
187.1350,0,187.1350,0,187.1350,0,187.1350,-1.79769e+308,187.1350,0,187.1350,0
187.5240,0,187.5240,0,187.5240,0,187.5240,-1.79769e+308,187.5240,0,187.5240,0
187.9130,0,187.9130,0,187.9130,0,187.9130,-1.79769e+308,187.9130,0,187.9130,0
188.3020,0,188.3020,0,188.3020,0,188.3020,-1.79769e+308,188.3020,0,188.3020,0
188.6910,0,188.6910,0,188.6910,0,188.6910,-1.79769e+308,188.6910,0,188.6910,0
189.0800,0,189.0800,0,189.0800,0,189.0800,-1.79769e+308,189.0800,0,189.0800,0
189.4690,0,189.4690,0,189.4690,0,189.4690,-1.79769e+308,189.4690,0,189.4690,0
189.8590,0,189.8590,0,189.8590,0,189.8590,-1.79769e+308,189.8590,0,189.8590,0
190.2470,0,190.2470,0,190.2470,0,190.2470,-1.79769e+308,190.2470,0,190.2470,0
190.6360,0,190.6360,0,190.6360,0,190.6360,-1.79769e+308,190.6360,0,190.6360,0
191.0250,0,191.0250,0,191.0250,0,191.0250,-1.79769e+308,191.0250,0,191.0250,0
191.4140,0,191.4140,0,191.4140,0,191.4140,-1.79769e+308,191.4140,0,191.4140,0
191.8040,0,191.8040,0,191.8040,0,191.8040,-1.79769e+308,191.8040,0,191.8040,0
192.1930,0,192.1930,0,192.1930,0,192.1930,-1.79769e+308,192.1930,0,192.1930,0
192.5810,0,192.5810,0,192.5810,0,192.5810,-1.79769e+308,192.5810,0,192.5810,0
192.9710,0,192.9710,0,192.9710,0,192.9710,-1.79769e+308,192.9710,0,192.9710,0
193.3600,0,193.3600,0,193.3600,0,193.3600,-1.79769e+308,193.3600,0,193.3600,0
193.7490,0,193.7490,0,193.7490,0,193.7490,-1.79769e+308,193.7490,0,193.7490,0
194.1390,0,194.1390,0,194.1390,0,194.1390,-1.79769e+308,194.1390,0,194.1390,0
194.5270,0,194.5270,0,194.5270,0,194.5270,-1.79769e+308,194.5270,0,194.5270,0
194.9160,0,194.9160,0,194.9160,0,194.9160,-1.79769e+308,194.9160,0,194.9160,0
195.3050,0,195.3050,0,195.3050,0,195.3050,-1.79769e+308,195.3050,0,195.3050,0
195.6940,0,195.6940,0,195.6940,0,195.6940,-1.79769e+308,195.6940,0,195.6940,0
196.0830,0,196.0830,0,196.0830,0,196.0830,-1.79769e+308,196.0830,0,196.0830,0
196.4720,0,196.4720,0,196.4720,0,196.4720,-1.79769e+308,196.4720,0,196.4720,0
196.8620,0,196.8620,0,196.8620,0,196.8620,-1.79769e+308,196.8620,0,196.8620,0
197.2500,0,197.2500,0,197.2500,0,197.2500,-1.79769e+308,197.2500,0,197.2500,0
197.6390,0,197.6390,0,197.6390,0,197.6390,-1.79769e+308,197.6390,0,197.6390,0
198.0280,0,198.0280,0,198.0280,0,198.0280,-1.79769e+308,198.0280,0,198.0280,0
198.4170,0,198.4170,0,198.4170,0,198.4170,-1.79769e+308,198.4170,0,198.4170,0
198.8070,0,198.8070,0,198.8070,0,198.8070,-1.79769e+308,198.8070,0,198.8070,0
199.1950,0,199.1950,0,199.1950,0,199.1950,-1.79769e+308,199.1950,0,199.1950,0
199.5840,0,199.5840,0,199.5840,0,199.5840,-1.79769e+308,199.5840,0,199.5840,0
199.9730,0,199.9730,0,199.9730,0,199.9730,-1.79769e+308,199.9730,0,199.9730,0
200.3620,0,200.3620,0,200.3620,0,200.3620,-1.79769e+308,200.3620,0,200.3620,0
200.7520,0,200.7520,0,200.7520,0,200.7520,-1.79769e+308,200.7520,0,200.7520,0
201.1400,0,201.1400,0,201.1400,0,201.1400,-1.79769e+308,201.1400,0,201.1400,0
201.5300,0,201.5300,0,201.5300,0,201.5300,-1.79769e+308,201.5300,0,201.5300,0
201.9190,0,201.9190,0,201.9190,0,201.9190,-1.79769e+308,201.9190,0,201.9190,0
202.3080,0,202.3080,0,202.3080,0,202.3080,-1.79769e+308,202.3080,0,202.3080,0
202.6970,0,202.6970,0,202.6970,0,202.6970,-1.79769e+308,202.6970,0,202.6970,0
203.0860,0,203.0860,0,203.0860,0,203.0860,-1.79769e+308,203.0860,0,203.0860,0
203.4750,0,203.4750,0,203.4750,0,203.4750,-1.79769e+308,203.4750,0,203.4750,0
203.8640,0,203.8640,0,203.8640,0,203.8640,-1.79769e+308,203.8640,0,203.8640,0
204.2530,0,204.2530,0,204.2530,0,204.2530,-1.79769e+308,204.2530,0,204.2530,0
204.6430,0,204.6430,0,204.6430,0,204.6430,-1.79769e+308,204.6430,0,204.6430,0
205.0320,0,205.0320,0,205.0320,0,205.0320,-1.79769e+308,205.0320,0,205.0320,0
205.4200,0,205.4200,0,205.4200,0,205.4200,-1.79769e+308,205.4200,0,205.4200,0
205.8090,0,205.8090,0,205.8090,0,205.8090,-1.79769e+308,205.8090,0,205.8090,0
206.1990,0,206.1990,0,206.1990,0,206.1990,-1.79769e+308,206.1990,0,206.1990,0
206.5880,0,206.5880,0,206.5880,0,206.5880,-1.79769e+308,206.5880,0,206.5880,0
206.9770,0,206.9770,0,206.9770,0,206.9770,-1.79769e+308,206.9770,0,206.9770,0
207.3660,0,207.3660,0,207.3660,0,207.3660,-1.79769e+308,207.3660,0,207.3660,0
207.7550,0,207.7550,0,207.7550,0,207.7550,-1.79769e+308,207.7550,0,207.7550,0
208.1450,0,208.1450,0,208.1450,0,208.1450,-1.79769e+308,208.1450,0,208.1450,0
208.5330,0,208.5330,0,208.5330,0,208.5330,-1.79769e+308,208.5330,0,208.5330,0
208.9220,0,208.9220,0,208.9220,0,208.9220,-1.79769e+308,208.9220,0,208.9220,0
209.3120,0,209.3120,0,209.3120,0,209.3120,-1.79769e+308,209.3120,0,209.3120,0
209.7010,0,209.7010,0,209.7010,0,209.7010,-1.79769e+308,209.7010,0,209.7010,0
210.0900,0,210.0900,0,210.0900,0,210.0900,-1.79769e+308,210.0900,0,210.0900,0
210.4780,0,210.4780,0,210.4780,0,210.4780,-1.79769e+308,210.4780,0,210.4780,0
210.8670,0,210.8670,0,210.8670,0,210.8670,-1.79769e+308,210.8670,0,210.8670,0
211.2570,0,211.2570,0,211.2570,0,211.2570,-1.79769e+308,211.2570,0,211.2570,0
211.6460,0,211.6460,0,211.6460,0,211.6460,-1.79769e+308,211.6460,0,211.6460,0
212.0350,0,212.0350,0,212.0350,0,212.0350,-1.79769e+308,212.0350,0,212.0350,0
212.4250,0,212.4250,0,212.4250,0,212.4250,-1.79769e+308,212.4250,0,212.4250,0
212.8130,0,212.8130,0,212.8130,0,212.8130,-1.79769e+308,212.8130,0,212.8130,0
213.2020,0,213.2020,0,213.2020,0,213.2020,-1.79769e+308,213.2020,0,213.2020,0
213.5920,0,213.5920,0,213.5920,0,213.5920,-1.79769e+308,213.5920,0,213.5920,0
213.9810,0,213.9810,0,213.9810,0,213.9810,-1.79769e+308,213.9810,0,213.9810,0
214.3690,0,214.3690,0,214.3690,0,214.3690,-1.79769e+308,214.3690,0,214.3690,0
214.7590,0,214.7590,0,214.7590,0,214.7590,-1.79769e+308,214.7590,0,214.7590,0
245.8920,0,245.8920,0,245.8920,0,245.8920,-1.79769e+308,245.8920,0,245.8920,0
246.2810,0,246.2810,0,246.2810,0,246.2810,-1.79769e+308,246.2810,0,246.2810,0
246.6690,0,246.6690,0,246.6690,0,246.6690,-1.79769e+308,246.6690,0,246.6690,0
247.0590,0,247.0590,0,247.0590,0,247.0590,-1.79769e+308,247.0590,0,247.0590,0
247.4480,0,247.4480,0,247.4480,0,247.4480,-1.79769e+308,247.4480,0,247.4480,0
247.8370,0,247.8370,0,247.8370,0,247.8370,-1.79769e+308,247.8370,0,247.8370,0
248.2270,0,248.2270,0,248.2270,0,248.2270,-1.79769e+308,248.2270,0,248.2270,0
248.6160,0,248.6160,0,248.6160,0,248.6160,-1.79769e+308,248.6160,0,248.6160,0
249.0050,0,249.0050,0,249.0050,0,249.0050,-1.79769e+308,249.0050,0,249.0050,0
249.3940,0,249.3940,0,249.3940,0,249.3940,-1.79769e+308,249.3940,0,249.3940,0
249.7830,0,249.7830,0,249.7830,0,249.7830,-1.79769e+308,249.7830,0,249.7830,0
250.1720,0,250.1720,0,250.1720,0,250.1720,-1.79769e+308,250.1720,0,250.1720,0
250.5610,0,250.5610,0,250.5610,0,250.5610,-1.79769e+308,250.5610,0,250.5610,0
250.9500,0,250.9500,0,250.9500,0,250.9500,-1.79769e+308,250.9500,0,250.9500,0
251.7140,0,251.7140,0,251.7140,3.58,251.7140,1.79769e+308,251.7140,0,251.7140,0
252.1030,0.488,252.1030,4.87,252.1030,9.99,252.1030,20.4713,252.1030,0.00052623,252.1030,5.27311e-5
252.4930,0.461,252.4930,4.6,252.4930,9.99,252.4930,21.6703,252.4930,0.00102456,252.4930,0.000102673
252.8820,0.443,252.8820,4.42,252.8820,9.99,252.8820,22.5508,252.8820,0.00150217,252.8820,0.000150541
253.2710,0.43,253.2710,4.29,253.2710,9.99,253.2710,23.2326,253.2710,0.00196573,253.2710,0.000197005
253.6600,0.42,253.6600,4.19,253.6600,9.99,253.6600,23.7857,253.6600,0.00241848,253.6600,0.000242389
254.0490,0.412,254.0490,4.11,254.0490,9.99,254.0490,24.2476,254.0490,0.00286259,254.0490,0.000286908
254.4380,0.405,254.4380,4.04,254.4380,9.99,254.4380,24.6667,254.4380,0.00329913,254.4380,0.00033067
254.8270,0.4,254.8270,3.99,254.8270,9.99,254.8270,24.975,254.8270,0.00373027,254.8270,0.000373892
255.2160,0.395,255.2160,3.94,255.2160,9.99,255.2160,25.2911,255.2160,0.00415601,255.2160,0.000416574
255.6060,0.391,255.6060,3.91,255.6060,10,255.6060,25.5754,255.6060,0.0045796,255.6060,0.000458932
255.9950,0.387,255.9950,3.86,255.9950,9.99,255.9950,25.814,255.9950,0.00499669,255.9950,0.00050075
256.3840,0.384,256.3840,3.84,256.3840,10,256.3840,26.0417,256.3840,0.00541163,256.3840,0.000542243
256.7740,0.382,256.7740,3.82,256.7740,10,256.7740,26.178,256.7740,0.00582546,256.7740,0.000583627
257.1630,0.379,257.1630,3.78,257.1630,9.99,257.1630,26.3588,257.1630,0.00623391,257.1630,0.00062458
257.5520,0.377,257.5520,3.76,257.5520,9.99,257.5520,26.4987,257.5520,0.0066402,257.5520,0.000665317
257.9410,0.375,257.9410,3.74,257.9410,9.99,257.9410,26.64,257.9410,0.00704432,257.9410,0.000705838
258.3310,0.373,258.3310,3.72,258.3310,9.99,258.3310,26.7828,258.3310,0.00744733,258.3310,0.000746246
258.7200,0.372,258.7200,3.71,258.7200,9.99,258.7200,26.8548,258.7200,0.00784821,258.7200,0.000786443
259.1090,0.37,259.1090,3.7,259.1090,10,259.1090,27.027,259.1090,0.00824802,259.1090,0.000826423
259.4980,0.368,259.4980,3.68,259.4980,10,259.4980,27.1739,259.4980,0.00864566,259.4980,0.000866187
259.8880,0.367,259.8880,3.66,259.8880,9.99,259.8880,27.2207,259.8880,0.00904216,259.8880,0.000905946
260.2770,0.365,260.2770,3.65,260.2770,10,260.2770,27.3973,260.2770,0.00943656,260.2770,0.000945386
260.6650,0.364,260.6650,3.64,260.6650,10,260.6650,27.4725,260.6650,0.00982888,260.6650,0.000984617
261.0550,0.363,261.0550,3.62,261.0550,9.99,261.0550,27.5207,261.0550,0.010221,261.0550,0.00102394
261.4440,0.362,261.4440,3.61,261.4440,9.99,261.4440,27.5967,261.4440,0.0106111,261.4440,0.00106306
261.8330,0.361,261.8330,3.6,261.8330,9.99,261.8330,27.6731,261.8330,0.0110001,261.8330,0.00110207
262.2230,0.36,262.2230,3.59,262.2230,9.99,262.2230,27.75,262.2230,0.011389,262.2230,0.00114107
262.6110,0.359,262.6110,3.58,262.6110,9.99,262.6110,27.8273,262.6110,0.0117749,262.6110,0.00117976
263.0010,0.359,263.0010,3.58,263.0010,9.99,263.0010,27.8273,263.0010,0.0121627,263.0010,0.00121865
263.3900,0.358,263.3900,3.57,263.3900,9.99,263.3900,27.905,263.3900,0.0125485,263.3900,0.00125733
263.7790,0.357,263.7790,3.56,263.7790,9.99,263.7790,27.9832,263.7790,0.0129332,263.7790,0.00129591
264.1680,0.357,264.1680,3.56,264.1680,9.99,264.1680,27.9832,264.1680,0.0133178,264.1680,0.00133449
264.5580,0.357,264.5580,3.57,264.5580,10,264.5580,28.0112,264.5580,0.0137046,264.5580,0.00137316
264.9470,0.356,264.9470,3.55,264.9470,9.99,264.9470,28.0618,264.9470,0.0140882,264.9470,0.00141163
265.3360,0.355,265.3360,3.54,265.3360,9.99,265.3360,28.1408,265.3360,0.0144707,265.3360,0.00144999
265.7240,0.355,265.7240,3.54,265.7240,9.99,265.7240,28.1408,265.7240,0.0148522,265.7240,0.00148825
266.1140,0.355,266.1140,3.54,266.1140,9.99,266.1140,28.1408,266.1140,0.0152357,266.1140,0.00152671
266.5030,0.354,266.5030,3.53,266.5030,9.99,266.5030,28.2203,266.5030,0.0156172,266.5030,0.00156496
266.8930,0.353,266.8930,3.53,266.8930,10,266.8930,28.3286,266.8930,0.0159996,266.8930,0.0016032
267.2820,0.352,267.2820,3.51,267.2820,9.99,267.2820,28.3807,267.2820,0.0163789,267.2820,0.00164124
267.6710,0.352,267.6710,3.51,267.6710,9.99,267.6710,28.3807,267.6710,0.0167581,267.6710,0.00167927
268.0600,0.352,268.0600,3.51,268.0600,9.99,268.0600,28.3807,268.0600,0.0171374,268.0600,0.00171731
268.4500,0.351,268.4500,3.5,268.4500,9.99,268.4500,28.4615,268.4500,0.0175166,268.4500,0.00175533
268.8390,0.35,268.8390,3.49,268.8390,9.99,268.8390,28.5429,268.8390,0.0178937,268.8390,0.00179315
269.2280,0.35,269.2280,3.49,269.2280,9.99,269.2280,28.5429,269.2280,0.0182708,269.2280,0.00183097
269.6170,0.349,269.6170,3.48,269.6170,9.99,269.6170,28.6246,269.6170,0.0186468,269.6170,0.00186868
270.0070,0.348,270.0070,3.47,270.0070,9.99,270.0070,28.7069,270.0070,0.0190227,270.0070,0.00190638
270.3960,0.347,270.3960,3.46,270.3960,9.99,270.3960,28.7896,270.3960,0.0193966,270.3960,0.00194388
270.7850,0.347,270.7850,3.46,270.7850,9.99,270.7850,28.7896,270.7850,0.0197705,270.7850,0.00198137
271.1740,0.346,271.1740,3.45,271.1740,9.99,271.1740,28.8728,271.1740,0.0201433,271.1740,0.00201876
271.5630,0.346,271.5630,3.45,271.5630,9.99,271.5630,28.8728,271.5630,0.0205161,271.5630,0.00205615
271.9520,0.345,271.9520,3.44,271.9520,9.99,271.9520,28.9565,271.9520,0.0208878,271.9520,0.00209343
272.3420,0.345,272.3420,3.44,272.3420,9.99,272.3420,28.9565,272.3420,0.0212605,272.3420,0.0021308
272.7310,0.344,272.7310,3.43,272.7310,9.99,272.7310,29.0407,272.7310,0.0216311,272.7310,0.00216797
273.1210,0.344,273.1210,3.43,273.1210,9.99,273.1210,29.0407,273.1210,0.0220027,273.1210,0.00220524
273.5100,0.343,273.5100,3.42,273.5100,9.99,273.5100,29.1254,273.5100,0.0223722,273.5100,0.0022423
273.8980,0.342,273.8980,3.41,273.8980,9.99,273.8980,29.2105,273.8980,0.0227397,273.8980,0.00227916
274.2880,0.342,274.2880,3.41,274.2880,9.99,274.2880,29.2105,274.2880,0.0231092,274.2880,0.00231621
274.6780,0.342,274.6780,3.41,274.6780,9.99,274.6780,29.2105,274.6780,0.0234786,274.6780,0.00235326
275.0670,0.341,275.0670,3.4,275.0670,9.99,275.0670,29.2962,275.0670,0.023846,275.0670,0.00239011
275.4560,0.34,275.4560,3.4,275.4560,10,275.4560,29.4118,275.4560,0.0242134,275.4560,0.00242685
275.8450,0.34,275.8450,3.39,275.8450,9.99,275.8450,29.3824,275.8450,0.0245797,275.8450,0.00246359
276.2350,0.34,276.2350,3.39,276.2350,9.99,276.2350,29.3824,276.2350,0.0249469,276.2350,0.00250042
276.6240,0.339,276.6240,3.38,276.6240,9.99,276.6240,29.469,276.6240,0.0253121,276.6240,0.00253705
277.0130,0.339,277.0130,3.38,277.0130,9.99,277.0130,29.469,277.0130,0.0256774,277.0130,0.00257368
277.4020,0.338,277.4020,3.37,277.4020,9.99,277.4020,29.5562,277.4020,0.0260415,277.4020,0.00261021
277.7920,0.338,277.7920,3.37,277.7920,9.99,277.7920,29.5562,277.7920,0.0264066,277.7920,0.00264682
278.1810,0.338,278.1810,3.37,278.1810,9.99,278.1810,29.5562,278.1810,0.0267707,278.1810,0.00268334
278.5700,0.338,278.5700,3.37,278.5700,9.99,278.5700,29.5562,278.5700,0.0271349,278.5700,0.00271987
278.9590,0.338,278.9590,3.37,278.9590,9.99,278.9590,29.5562,278.9590,0.027499,278.9590,0.00275639
279.3490,0.338,279.3490,3.37,279.3490,9.99,279.3490,29.5562,279.3490,0.0278641,279.3490,0.00279301
279.7380,0.338,279.7380,3.37,279.7380,9.99,279.7380,29.5562,279.7380,0.0282283,279.7380,0.00282953
280.1270,0.338,280.1270,3.37,280.1270,9.99,280.1270,29.5562,280.1270,0.0285924,280.1270,0.00286605
280.5160,0.338,280.5160,3.37,280.5160,9.99,280.5160,29.5562,280.5160,0.0289566,280.5160,0.00290258
280.9060,0.338,280.9060,3.37,280.9060,9.99,280.9060,29.5562,280.9060,0.0293216,280.9060,0.00293919
281.2950,0.338,281.2950,3.37,281.2950,9.99,281.2950,29.5562,281.2950,0.0296858,281.2950,0.00297572
281.6840,0.338,281.6840,3.37,281.6840,9.99,281.6840,29.5562,281.6840,0.0300499,281.6840,0.00301224
282.0740,0.338,282.0740,3.37,282.0740,9.99,282.0740,29.5562,282.0740,0.030415,282.0740,0.00304885
282.4630,0.337,282.4630,3.36,282.4630,9.99,282.4630,29.6439,282.4630,0.0307781,282.4630,0.00308527
282.8520,0.337,282.8520,3.36,282.8520,9.99,282.8520,29.6439,282.8520,0.0311412,282.8520,0.00312168
283.2410,0.337,283.2410,3.36,283.2410,9.99,283.2410,29.6439,283.2410,0.0315042,283.2410,0.0031581
283.6300,0.337,283.6300,3.36,283.6300,9.99,283.6300,29.6439,283.6300,0.0318673,283.6300,0.00319451
284.0200,0.338,284.0200,3.37,284.0200,9.99,284.0200,29.5562,284.0200,0.0322324,284.0200,0.00323113
284.4090,0.338,284.4090,3.37,284.4090,9.99,284.4090,29.5562,284.4090,0.0325965,284.4090,0.00326765
284.7980,0.337,284.7980,3.36,284.7980,9.99,284.7980,29.6439,284.7980,0.0329596,284.7980,0.00330407
285.1880,0.337,285.1880,3.36,285.1880,9.99,285.1880,29.6439,285.1880,0.0333236,285.1880,0.00334058
285.5770,0.337,285.5770,3.36,285.5770,9.99,285.5770,29.6439,285.5770,0.0336867,285.5770,0.00337699
285.9650,0.337,285.9650,3.36,285.9650,9.99,285.9650,29.6439,285.9650,0.0340488,285.9650,0.00341331
286.3550,0.337,286.3550,3.36,286.3550,9.99,286.3550,29.6439,286.3550,0.0344128,286.3550,0.00344982
286.7450,0.337,286.7450,3.36,286.7450,9.99,286.7450,29.6439,286.7450,0.0347768,286.7450,0.00348633
287.1340,0.337,287.1340,3.36,287.1340,9.99,287.1340,29.6439,287.1340,0.0351399,287.1340,0.00352274
287.5230,0.337,287.5230,3.36,287.5230,9.99,287.5230,29.6439,287.5230,0.0355029,287.5230,0.00355916
287.9130,0.337,287.9130,3.36,287.9130,9.99,287.9130,29.6439,287.9130,0.0358669,287.9130,0.00359567
288.3020,0.337,288.3020,3.36,288.3020,9.99,288.3020,29.6439,288.3020,0.03623,288.3020,0.00363208
288.6910,0.336,288.6910,3.35,288.6910,9.99,288.6910,29.7321,288.6910,0.036592,288.6910,0.00366839
289.0800,0.336,289.0800,3.35,289.0800,9.99,289.0800,29.7321,289.0800,0.036954,289.0800,0.00370469
289.4690,0.336,289.4690,3.35,289.4690,9.99,289.4690,29.7321,289.4690,0.0373159,289.4690,0.003741
289.8590,0.335,289.8590,3.34,289.8590,9.99,289.8590,29.8209,289.8590,0.0376778,289.8590,0.00377729
290.2480,0.335,290.2480,3.34,290.2480,9.99,290.2480,29.8209,290.2480,0.0380387,290.2480,0.00381349
290.6380,0.335,290.6380,3.34,290.6380,9.99,290.6380,29.8209,290.6380,0.0384005,290.6380,0.00384978
291.0270,0.335,291.0270,3.34,291.0270,9.99,291.0270,29.8209,291.0270,0.0387614,291.0270,0.00388598
291.4160,0.335,291.4160,3.34,291.4160,9.99,291.4160,29.8209,291.4160,0.0391223,291.4160,0.00392218
291.8050,0.335,291.8050,3.34,291.8050,9.99,291.8050,29.8209,291.8050,0.0394832,291.8050,0.00395838
292.1950,0.335,292.1950,3.34,292.1950,9.99,292.1950,29.8209,292.1950,0.0398451,292.1950,0.00399467
292.5830,0.334,292.5830,3.33,292.5830,9.99,292.5830,29.9102,292.5830,0.040204,292.5830,0.00403067
292.9730,0.334,292.9730,3.33,292.9730,9.99,292.9730,29.9102,292.9730,0.0405647,292.9730,0.00406685
293.3630,0.334,293.3630,3.33,293.3630,9.99,293.3630,29.9102,293.3630,0.0409255,293.3630,0.00410303
293.7520,0.333,293.7520,3.32,293.7520,9.99,293.7520,30,293.7520,0.0412842,293.7520,0.00413902
294.1410,0.333,294.1410,3.32,294.1410,9.99,294.1410,30,294.1410,0.041643,294.1410,0.004175
294.5300,0.333,294.5300,3.32,294.5300,9.99,294.5300,30,294.5300,0.0420017,294.5300,0.00421098
294.9200,0.333,294.9200,3.32,294.9200,9.99,294.9200,30,294.9200,0.0423614,294.9200,0.00424706
295.3090,0.333,295.3090,3.32,295.3090,9.99,295.3090,30,295.3090,0.0427201,295.3090,0.00428304
295.6970,0.333,295.6970,3.32,295.6970,9.99,295.6970,30,295.6970,0.0430779,295.6970,0.00431893
296.0870,0.332,296.0870,3.31,296.0870,9.99,296.0870,30.0904,296.0870,0.0434365,296.0870,0.0043549
296.4760,0.333,296.4760,3.32,296.4760,9.99,296.4760,30,296.4760,0.0437953,296.4760,0.00439088
296.8660,0.332,296.8660,3.32,296.8660,10,296.8660,30.1205,296.8660,0.0441549,296.8660,0.00442685
297.2550,0.332,297.2550,3.31,297.2550,9.99,297.2550,30.0904,297.2550,0.0445126,297.2550,0.00446272
297.6440,0.332,297.6440,3.31,297.6440,9.99,297.6440,30.0904,297.6440,0.0448703,297.6440,0.00449859
298.0330,0.332,298.0330,3.31,298.0330,9.99,298.0330,30.0904,298.0330,0.0452279,298.0330,0.00453447
298.4230,0.332,298.4230,3.31,298.4230,9.99,298.4230,30.0904,298.4230,0.0455865,298.4230,0.00457044
298.8120,0.332,298.8120,3.31,298.8120,9.99,298.8120,30.0904,298.8120,0.0459442,298.8120,0.00460631
299.2010,0.332,299.2010,3.31,299.2010,9.99,299.2010,30.0904,299.2010,0.0463018,299.2010,0.00464218
299.5900,0.332,299.5900,3.32,299.5900,10,299.5900,30.1205,299.5900,0.0466606,299.5900,0.00467806
299.9790,0.332,299.9790,3.31,299.9790,9.99,299.9790,30.0904,299.9790,0.0470182,299.9790,0.00471393
300.3690,0.332,300.3690,3.31,300.3690,9.99,300.3690,30.0904,300.3690,0.0473768,300.3690,0.0047499
300.7580,0.332,300.7580,3.31,300.7580,9.99,300.7580,30.0904,300.7580,0.0477345,300.7580,0.00478577
301.1470,0.332,301.1470,3.31,301.1470,9.99,301.1470,30.0904,301.1470,0.0480922,301.1470,0.00482165
301.5360,0.332,301.5360,3.31,301.5360,9.99,301.5360,30.0904,301.5360,0.0484498,301.5360,0.00485752
301.9260,0.332,301.9260,3.31,301.9260,9.99,301.9260,30.0904,301.9260,0.0488084,301.9260,0.00489349
302.3140,0.332,302.3140,3.31,302.3140,9.99,302.3140,30.0904,302.3140,0.0491651,302.3140,0.00492927
302.7040,0.332,302.7040,3.32,302.7040,10,302.7040,30.1205,302.7040,0.0495248,302.7040,0.00496524
303.0920,0.332,303.0920,3.31,303.0920,9.99,303.0920,30.0904,303.0920,0.0498816,303.0920,0.00500102
303.4820,0.332,303.4820,3.32,303.4820,10,303.4820,30.1205,303.4820,0.0502412,303.4820,0.00503699
303.8710,0.332,303.8710,3.31,303.8710,9.99,303.8710,30.0904,303.8710,0.0505989,303.8710,0.00507286
304.2610,0.332,304.2610,3.31,304.2610,9.99,304.2610,30.0904,304.2610,0.0509575,304.2610,0.00510883
304.6500,0.332,304.6500,3.31,304.6500,9.99,304.6500,30.0904,304.6500,0.0513151,304.6500,0.0051447
305.0380,0.332,305.0380,3.31,305.0380,9.99,305.0380,30.0904,305.0380,0.0516719,305.0380,0.00518049
305.4280,0.332,305.4280,3.31,305.4280,9.99,305.4280,30.0904,305.4280,0.0520305,305.4280,0.00521645
305.8170,0.332,305.8170,3.31,305.8170,9.99,305.8170,30.0904,305.8170,0.0523881,305.8170,0.00525233
306.2070,0.331,306.2070,3.3,306.2070,9.99,306.2070,30.1813,306.2070,0.0527456,306.2070,0.00528818
306.5960,0.332,306.5960,3.32,306.5960,10,306.5960,30.1205,306.5960,0.0531044,306.5960,0.00532406
306.9850,0.332,306.9850,3.32,306.9850,10,306.9850,30.1205,306.9850,0.0534631,306.9850,0.00535993
307.3740,0.331,307.3740,3.3,307.3740,9.99,307.3740,30.1813,307.3740,0.0538197,307.3740,0.0053957
307.7630,0.331,307.7630,3.3,307.7630,9.99,307.7630,30.1813,307.7630,0.0541763,307.7630,0.00543147
308.1530,0.331,308.1530,3.31,308.1530,10,308.1530,30.2115,308.1530,0.0545349,308.1530,0.00546732
308.5420,0.331,308.5420,3.3,308.5420,9.99,308.5420,30.1813,308.5420,0.0548914,308.5420,0.00550309
308.9300,0.331,308.9300,3.3,308.9300,9.99,308.9300,30.1813,308.9300,0.0552471,308.9300,0.00553877
309.3200,0.331,309.3200,3.3,309.3200,9.99,309.3200,30.1813,309.3200,0.0556046,309.3200,0.00557462
309.7090,0.331,309.7090,3.3,309.7090,9.99,309.7090,30.1813,309.7090,0.0559612,309.7090,0.00561039
310.0980,0.331,310.0980,3.3,310.0980,9.99,310.0980,30.1813,310.0980,0.0563178,310.0980,0.00564616
310.4880,0.331,310.4880,3.3,310.4880,9.99,310.4880,30.1813,310.4880,0.0566753,310.4880,0.00568202
310.8760,0.33,310.8760,3.29,310.8760,9.99,310.8760,30.2727,310.8760,0.0570299,310.8760,0.00571758
311.2660,0.331,311.2660,3.3,311.2660,9.99,311.2660,30.1813,311.2660,0.0573874,311.2660,0.00575344
311.6550,0.33,311.6550,3.29,311.6550,9.99,311.6550,30.2727,311.6550,0.0577429,311.6550,0.0057891
312.0450,0.33,312.0450,3.29,312.0450,9.99,312.0450,30.2727,312.0450,0.0580993,312.0450,0.00582485
312.4340,0.33,312.4340,3.29,312.4340,9.99,312.4340,30.2727,312.4340,0.0584548,312.4340,0.00586051
312.8220,0.33,312.8220,3.29,312.8220,9.99,312.8220,30.2727,312.8220,0.0588094,312.8220,0.00589607
313.2120,0.329,313.2120,3.28,313.2120,9.99,313.2120,30.3647,313.2120,0.0591647,313.2120,0.00593172
313.6010,0.329,313.6010,3.28,313.6010,9.99,313.6010,30.3647,313.6010,0.0595191,313.6010,0.00596727
313.9910,0.328,313.9910,3.27,313.9910,9.99,313.9910,30.4573,313.9910,0.0598734,313.9910,0.0060028
314.3790,0.328,314.3790,3.27,314.3790,9.99,314.3790,30.4573,314.3790,0.0602258,314.3790,0.00603815
314.7680,0.328,314.7680,3.27,314.7680,9.99,314.7680,30.4573,314.7680,0.0605792,314.7680,0.00607359
315.1580,0.327,315.1580,3.26,315.1580,9.99,315.1580,30.5505,315.1580,0.0609323,315.1580,0.00610902
315.5470,0.327,315.5470,3.26,315.5470,9.99,315.5470,30.5505,315.5470,0.0612846,315.5470,0.00614435
315.9370,0.327,315.9370,3.26,315.9370,9.99,315.9370,30.5505,315.9370,0.0616378,315.9370,0.00617978
316.3260,0.327,316.3260,3.26,316.3260,9.99,316.3260,30.5505,316.3260,0.06199,316.3260,0.00621511
316.7150,0.327,316.7150,3.26,316.7150,9.99,316.7150,30.5505,316.7150,0.0623423,316.7150,0.00625044
317.1040,0.327,317.1040,3.26,317.1040,9.99,317.1040,30.5505,317.1040,0.0626945,317.1040,0.00628578
317.4930,0.328,317.4930,3.27,317.4930,9.99,317.4930,30.4573,317.4930,0.0630479,317.4930,0.00632122
317.8830,0.328,317.8830,3.28,317.8830,10,317.8830,30.4878,317.8830,0.0634032,317.8830,0.00635675
318.2720,0.328,318.2720,3.27,318.2720,9.99,318.2720,30.4573,318.2720,0.0637566,318.2720,0.0063922
318.6610,0.328,318.6610,3.27,318.6610,9.99,318.6610,30.4573,318.6610,0.0641099,318.6610,0.00642764
319.0500,0.328,319.0500,3.28,319.0500,10,319.0500,30.4878,319.0500,0.0644643,319.0500,0.00646308
319.4390,0.328,319.4390,3.27,319.4390,9.99,319.4390,30.4573,319.4390,0.0648177,319.4390,0.00649852
319.8280,0.329,319.8280,3.28,319.8280,9.99,319.8280,30.3647,319.8280,0.0651721,319.8280,0.00653407
320.2180,0.329,320.2180,3.28,320.2180,9.99,320.2180,30.3647,320.2180,0.0655274,320.2180,0.00656972
320.6060,0.329,320.6060,3.28,320.6060,9.99,320.6060,30.3647,320.6060,0.0658809,320.6060,0.00660517
320.9960,0.329,320.9960,3.28,320.9960,9.99,320.9960,30.3647,320.9960,0.0662363,320.9960,0.00664082
321.3840,0.329,321.3840,3.28,321.3840,9.99,321.3840,30.3647,321.3840,0.0665898,321.3840,0.00667627
321.7740,0.329,321.7740,3.28,321.7740,9.99,321.7740,30.3647,321.7740,0.0669451,321.7740,0.00671192
322.1630,0.329,322.1630,3.28,322.1630,9.99,322.1630,30.3647,322.1630,0.0672995,322.1630,0.00674747
322.5530,0.329,322.5530,3.29,322.5530,10,322.5530,30.3951,322.5530,0.0676559,322.5530,0.00678311
322.9410,0.329,322.9410,3.29,322.9410,10,322.9410,30.3951,322.9410,0.0680105,322.9410,0.00681857
323.3300,0.329,323.3300,3.29,323.3300,10,323.3300,30.3951,323.3300,0.068366,323.3300,0.00685412
323.7200,0.329,323.7200,3.29,323.7200,10,323.7200,30.3951,323.7200,0.0687225,323.7200,0.00688976
324.1090,0.329,324.1090,3.29,324.1090,10,324.1090,30.3951,324.1090,0.069078,324.1090,0.00692531
324.4980,0.329,324.4980,3.28,324.4980,9.99,324.4980,30.3647,324.4980,0.0694324,324.4980,0.00696086
324.8870,0.329,324.8870,3.29,324.8870,10,324.8870,30.3951,324.8870,0.0697879,324.8870,0.00699641
325.2770,0.328,325.2770,3.27,325.2770,9.99,325.2770,30.4573,325.2770,0.0701421,325.2770,0.00703194
325.6660,0.329,325.6660,3.28,325.6660,9.99,325.6660,30.3647,325.6660,0.0704966,325.6660,0.00706749
326.0550,0.328,326.0550,3.28,326.0550,10,326.0550,30.4878,326.0550,0.070851,326.0550,0.00710294
326.4440,0.328,326.4440,3.28,326.4440,10,326.4440,30.4878,326.4440,0.0712054,326.4440,0.00713838
326.8340,0.328,326.8340,3.28,326.8340,10,326.8340,30.4878,326.8340,0.0715607,326.8340,0.00717391
327.2230,0.328,327.2230,3.27,327.2230,9.99,327.2230,30.4573,327.2230,0.0719141,327.2230,0.00720935
327.6120,0.328,327.6120,3.27,327.6120,9.99,327.6120,30.4573,327.6120,0.0722674,327.6120,0.0072448
328.0010,0.328,328.0010,3.27,328.0010,9.99,328.0010,30.4573,328.0010,0.0726208,328.0010,0.00728024
328.3900,0.328,328.3900,3.27,328.3900,9.99,328.3900,30.4573,328.3900,0.0729741,328.3900,0.00731568
328.7790,0.327,328.7790,3.27,328.7790,10,328.7790,30.581,328.7790,0.0733274,328.7790,0.00735101
329.1690,0.328,329.1690,3.27,329.1690,9.99,329.1690,30.4573,329.1690,0.0736817,329.1690,0.00738655
329.5580,0.327,329.5580,3.26,329.5580,9.99,329.5580,30.5505,329.5580,0.0740339,329.5580,0.00742188
329.9480,0.327,329.9480,3.26,329.9480,9.99,329.9480,30.5505,329.9480,0.0743871,329.9480,0.00745731
330.3370,0.327,330.3370,3.27,330.3370,10,330.3370,30.581,330.3370,0.0747405,330.3370,0.00749264
330.7260,0.327,330.7260,3.26,330.7260,9.99,330.7260,30.5505,330.7260,0.0750927,330.7260,0.00752798
331.1150,0.327,331.1150,3.26,331.1150,9.99,331.1150,30.5505,331.1150,0.075445,331.1150,0.00756331
331.5040,0.327,331.5040,3.26,331.5040,9.99,331.5040,30.5505,331.5040,0.0757972,331.5040,0.00759864
331.8930,0.327,331.8930,3.26,331.8930,9.99,331.8930,30.5505,331.8930,0.0761495,331.8930,0.00763398
332.2830,0.326,332.2830,3.25,332.2830,9.99,332.2830,30.6442,332.2830,0.0765016,332.2830,0.00766929
332.6720,0.326,332.6720,3.25,332.6720,9.99,332.6720,30.6442,332.6720,0.0768528,332.6720,0.00770452
333.0610,0.326,333.0610,3.25,333.0610,9.99,333.0610,30.6442,333.0610,0.0772039,333.0610,0.00773975
333.4510,0.326,333.4510,3.25,333.4510,9.99,333.4510,30.6442,333.4510,0.077556,333.4510,0.00777506
333.8400,0.326,333.8400,3.25,333.8400,9.99,333.8400,30.6442,333.8400,0.0779072,333.8400,0.00781029
334.2290,0.326,334.2290,3.26,334.2290,10,334.2290,30.6748,334.2290,0.0782595,334.2290,0.00784552
334.6180,0.326,334.6180,3.25,334.6180,9.99,334.6180,30.6442,334.6180,0.0786107,334.6180,0.00788074
335.0070,0.325,335.0070,3.24,335.0070,9.99,335.0070,30.7385,335.0070,0.0789608,335.0070,0.00791586
335.3960,0.325,335.3960,3.25,335.3960,10,335.3960,30.7692,335.3960,0.0793119,335.3960,0.00795098
335.7860,0.325,335.7860,3.25,335.7860,10,335.7860,30.7692,335.7860,0.079664,335.7860,0.00798619
336.1750,0.325,336.1750,3.24,336.1750,9.99,336.1750,30.7385,336.1750,0.0800141,336.1750,0.0080213
336.5640,0.325,336.5640,3.24,336.5640,9.99,336.5640,30.7385,336.5640,0.0803642,336.5640,0.00805642
336.9540,0.325,336.9540,3.24,336.9540,9.99,336.9540,30.7385,336.9540,0.0807152,336.9540,0.00809163
337.3430,0.325,337.3430,3.24,337.3430,9.99,337.3430,30.7385,337.3430,0.0810653,337.3430,0.00812675
337.7320,0.325,337.7320,3.24,337.7320,9.99,337.7320,30.7385,337.7320,0.0814154,337.7320,0.00816187
338.1210,0.325,338.1210,3.24,338.1210,9.99,338.1210,30.7385,338.1210,0.0817655,338.1210,0.00819698
338.5110,0.325,338.5110,3.24,338.5110,9.99,338.5110,30.7385,338.5110,0.0821165,338.5110,0.00823219
338.8990,0.324,338.8990,3.23,338.8990,9.99,338.8990,30.8333,338.8990,0.0824646,338.8990,0.00826711
339.2890,0.324,339.2890,3.23,339.2890,9.99,339.2890,30.8333,339.2890,0.0828146,339.2890,0.00830221
339.6780,0.325,339.6780,3.24,339.6780,9.99,339.6780,30.7385,339.6780,0.0831647,339.6780,0.00833733
340.0680,0.324,340.0680,3.24,340.0680,10,340.0680,30.8642,340.0680,0.0835157,340.0680,0.00837243
340.4570,0.324,340.4570,3.24,340.4570,10,340.4570,30.8642,340.4570,0.0838658,340.4570,0.00840744
340.8460,0.324,340.8460,3.24,340.8460,10,340.8460,30.8642,340.8460,0.0842159,340.8460,0.00844245
341.2350,0.324,341.2350,3.23,341.2350,9.99,341.2350,30.8333,341.2350,0.0845649,341.2350,0.00847746
341.6240,0.324,341.6240,3.23,341.6240,9.99,341.6240,30.8333,341.6240,0.0849139,341.6240,0.00851247
342.0140,0.323,342.0140,3.22,342.0140,9.99,342.0140,30.9288,342.0140,0.0852627,342.0140,0.00854746
342.4030,0.323,342.4030,3.22,342.4030,9.99,342.4030,30.9288,342.4030,0.0856107,342.4030,0.00858236
342.7920,0.323,342.7920,3.23,342.7920,10,342.7920,30.9598,342.7920,0.0859597,342.7920,0.00861727
343.1810,0.323,343.1810,3.22,343.1810,9.99,343.1810,30.9288,343.1810,0.0863076,343.1810,0.00865217
343.5710,0.323,343.5710,3.22,343.5710,9.99,343.5710,30.9288,343.5710,0.0866565,343.5710,0.00868716
343.9600,0.323,343.9600,3.22,343.9600,9.99,343.9600,30.9288,343.9600,0.0870044,343.9600,0.00872206
344.3490,0.323,344.3490,3.22,344.3490,9.99,344.3490,30.9288,344.3490,0.0873523,344.3490,0.00875696
344.7380,0.323,344.7380,3.22,344.7380,9.99,344.7380,30.9288,344.7380,0.0877003,344.7380,0.00879187
345.1270,0.323,345.1270,3.22,345.1270,9.99,345.1270,30.9288,345.1270,0.0880482,345.1270,0.00882677
345.5170,0.323,345.5170,3.22,345.5170,9.99,345.5170,30.9288,345.5170,0.088397,345.5170,0.00886176
345.9060,0.323,345.9060,3.22,345.9060,9.99,345.9060,30.9288,345.9060,0.088745,345.9060,0.00889666
346.2950,0.323,346.2950,3.22,346.2950,9.99,346.2950,30.9288,346.2950,0.0890929,346.2950,0.00893156
346.6840,0.323,346.6840,3.22,346.6840,9.99,346.6840,30.9288,346.6840,0.0894409,346.6840,0.00896647
347.0740,0.323,347.0740,3.22,347.0740,9.99,347.0740,30.9288,347.0740,0.0897897,347.0740,0.00900146
347.4630,0.323,347.4630,3.22,347.4630,9.99,347.4630,30.9288,347.4630,0.0901376,347.4630,0.00903636
347.8520,0.323,347.8520,3.22,347.8520,9.99,347.8520,30.9288,347.8520,0.0904856,347.8520,0.00907126
348.2410,0.323,348.2410,3.22,348.2410,9.99,348.2410,30.9288,348.2410,0.0908335,348.2410,0.00910616
348.6300,0.322,348.6300,3.21,348.6300,9.99,348.6300,31.0248,348.6300,0.0911804,348.6300,0.00914096
349.0190,0.322,349.0190,3.22,349.0190,10,349.0190,31.0559,349.0190,0.0915283,349.0190,0.00917575
349.4090,0.322,349.4090,3.22,349.4090,10,349.4090,31.0559,349.4090,0.0918771,349.4090,0.00921063
349.7980,0.323,349.7980,3.22,349.7980,9.99,349.7980,30.9288,349.7980,0.0922251,349.7980,0.00924554
350.1870,0.323,350.1870,3.22,350.1870,9.99,350.1870,30.9288,350.1870,0.092573,350.1870,0.00928044
350.5760,0.322,350.5760,3.22,350.5760,10,350.5760,31.0559,350.5760,0.092921,350.5760,0.00931523
350.9660,0.322,350.9660,3.22,350.9660,10,350.9660,31.0559,350.9660,0.0932698,350.9660,0.00935012
351.3550,0.322,351.3550,3.21,351.3550,9.99,351.3550,31.0248,351.3550,0.0936167,351.3550,0.00938491
351.7440,0.322,351.7440,3.21,351.7440,9.99,351.7440,31.0248,351.7440,0.0939635,351.7440,0.0094197
352.1330,0.322,352.1330,3.21,352.1330,9.99,352.1330,31.0248,352.1330,0.0943104,352.1330,0.0094545
352.5230,0.322,352.5230,3.22,352.5230,10,352.5230,31.0559,352.5230,0.0946592,352.5230,0.00948938
352.9120,0.322,352.9120,3.21,352.9120,9.99,352.9120,31.0248,352.9120,0.0950061,352.9120,0.00952417
353.3010,0.322,353.3010,3.22,353.3010,10,353.3010,31.0559,353.3010,0.095354,353.3010,0.00955897
353.6900,0.322,353.6900,3.21,353.6900,9.99,353.6900,31.0248,353.6900,0.0957009,353.6900,0.00959376
354.0790,0.322,354.0790,3.22,354.0790,10,354.0790,31.0559,354.0790,0.0960488,354.0790,0.00962856
354.4690,0.322,354.4690,3.22,354.4690,10,354.4690,31.0559,354.4690,0.0963976,354.4690,0.00966344
354.8570,0.321,354.8570,3.21,354.8570,10,354.8570,31.1526,354.8570,0.0967436,354.8570,0.00969804
355.2460,0.322,355.2460,3.21,355.2460,9.99,355.2460,31.0248,355.2460,0.0970905,355.2460,0.00973283
355.6360,0.322,355.6360,3.21,355.6360,9.99,355.6360,31.0248,355.6360,0.0974382,355.6360,0.00976771
356.0260,0.321,356.0260,3.2,356.0260,9.99,356.0260,31.1215,356.0260,0.0977849,356.0260,0.00980249
356.4150,0.321,356.4150,3.21,356.4150,10,356.4150,31.1526,356.4150,0.0981317,356.4150,0.00983717
356.8040,0.321,356.8040,3.2,356.8040,9.99,356.8040,31.1215,356.8040,0.0984775,356.8040,0.00987186
357.1930,0.321,357.1930,3.21,357.1930,10,357.1930,31.1526,357.1930,0.0988244,357.1930,0.00990655
357.5830,0.321,357.5830,3.2,357.5830,9.99,357.5830,31.1215,357.5830,0.099171,357.5830,0.00994132
357.9720,0.321,357.9720,3.21,357.9720,10,357.9720,31.1526,357.9720,0.0995179,357.9720,0.00997601
358.3610,0.32,358.3610,3.2,358.3610,10,358.3610,31.25,358.3610,0.0998637,358.3610,0.0100106
359.1250,0.32,359.1250,1.98,359.1250,6.19,359.1250,19.3438,359.1250,0.100284,359.1250,0.0100785
359.5140,0,359.5140,0,359.5140,0,359.5140,-1.79769e+308,359.5140,0.100284,359.5140,0.0100785
359.9030,0,359.9030,0,359.9030,0,359.9030,-1.79769e+308,359.9030,0.100284,359.9030,0.0100785
360.2920,0,360.2920,0,360.2920,0,360.2920,-1.79769e+308,360.2920,0.100284,360.2920,0.0100785
,,,,,,,,,,,
